label,precision,recall,f1-score,support
T1204.002_522f3f35cd013e63830fa555495a0081_B,0.0,0.0,0.0,1.0
T1003_18f31c311ac208802e88ab8d5af8603e_I,0.0,0.0,0.0,6.0
T1087.001_6334877e8e3ba48f7835d4856d90a282_I,0.0,0.0,0.0,1.0
T1566.001_1afaec09315ab71fdfb167175e8a019a_B,0.0,0.0,0.0,1.0
T1548.002_665432a4-42e7-4ee1-af19-a9a8c9455d0c_B,0.0,0.0,0.0,1.0
T1059.001_55678719-e76e-4df9-92aa-10655bbd1cf4_B,0.0,0.0,0.0,1.0
T1059.001_55678719-e76e-4df9-92aa-10655bbd1cf4_I,0.0,0.0,0.0,5.0
T1490_9e5e4c0655fd1b5be88bd40b8251175f_B,0.0,0.0,0.0,1.0
T1059.001_bfff9006-d1fb-46ce-b173-92cb04e9a031_B,0.0,0.0,0.0,1.0
T1548.002_665432a4-42e7-4ee1-af19-a9a8c9455d0c_I,0.0,0.0,0.0,3.0
T1087.001_6334877e8e3ba48f7835d4856d90a282_B,0.0,0.0,0.0,1.0
T1003_18f31c311ac208802e88ab8d5af8603e_B,0.0,0.0,0.0,1.0
O,1.0,0.0002445579145391024,0.0004889962411772451,372100.0
T1059.001_bfff9006-d1fb-46ce-b173-92cb04e9a031_I,0.0,0.0,0.0,6.0
T1566.001_1afaec09315ab71fdfb167175e8a019a_I,0.0,0.0,0.0,8.0
micro avg,0.0003378340752070626,0.0002445335991852463,0.00028371005455962587,372137.0
macro avg,0.06666666666666667,1.6303860969273492e-05,3.259974941181634e-05,372137.0
weighted avg,0.9999005742508807,0.0002445335991852463,0.0004889476223596495,372137.0
